Rk,Year,Lg,Rd,Pk,Tm,Player,Age,Pos,Born,College,From,To,G,MP,PTS,TRB,AST,STL,BLK,FG%,2P%,3P%,FT%,WS,WS/48
1,2013,NBA,2,60,MEM,Janis Timma\timmaja01,21.000,F,lv,,,,,,,,,,,,,,,,
2,2014,NBA,2,60,SAS,Cory Jefferson\jeffeco01,23.188,F,us,Baylor University,2015,2016,58,10.0,3.5,2.8,0.3,0.2,0.4,.444,.474,.125,.583,0.9,.071
3,2015,NBA,2,60,PHI,Luka Mitrovic\mitrolu01,22.101,F,rs,,,,,,,,,,,,,,,,
4,2016,NBA,2,60,UTA,Tyrone Wallace\wallaty01,22.019,G,us,University of California,2018,2019,92,16.1,5.5,2.2,1.2,0.5,0.2,.435,.464,.237,.674,0.5,.015
5,2017,NBA,2,60,ATL,Alpha Kaba\kabaal01,21.150,F,fr,,,,,,,,,,,,,,,,
6,2018,NBA,2,60,PHI,Kostas Antetokounmpo\antetko01,20.218,F,gr,University of Dayton,2019,2019,2,5.5,1.0,0.5,0.0,1.0,0.0,.000,.000,,.500,-0.1,-0.247
7,2013,NBA,2,59,MIN,Bojan Dubljevic\dubljbo01,21.252,F-C,me,,,,,,,,,,,,,,,,
8,2014,NBA,2,59,TOR,Xavier Thames\thamexa01,23.164,G,us,San Diego State University,,,,,,,,,,,,,,,
9,2015,NBA,2,59,ATL,Dimitrios Agravanis\agravdi01,20.192,F-C,gr,,,,,,,,,,,,,,,,
10,2016,NBA,2,59,SAC,Isaiah Cousins\cousiis01,22.108,G,us,University of Oklahoma,,,,,,,,,,,,,,,
11,2017,NBA,2,59,SAS,Jaron Blossomgame\blossja01,23.285,F,us,Clemson University,2019,2019,27,16.3,4.2,3.6,0.5,0.3,0.3,.443,.552,.256,.769,0.3,.030
12,2018,NBA,2,59,PHO,George King\kingge03,24.163,G-F,us,University of Colorado,2019,2019,1,6.0,0.0,1.0,0.0,0.0,0.0,,,,,0.0,-0.001
13,2013,NBA,2,58,SAS,Deshaun Thomas\thomade01,21.308,F,us,Ohio State University,,,,,,,,,,,,,,,
14,2014,NBA,2,58,SAS,Jordan McRae\mcraejo01,23.096,G,us,University of Tennessee,2016,2019,86,10.6,4.9,1.2,0.9,0.3,0.2,.427,.460,.352,.784,1.0,.051
15,2015,NBA,2,58,PHI,J.P. Tokoto\tokotjp01,21.288,G-F,us,University of North Carolina,,,,,,,,,,,,,,,
16,2016,NBA,2,58,BOS,Abdel Nader\naderab01,22.277,F,eg,Iowa State University,2018,2019,109,11.2,3.6,1.7,0.4,0.3,0.2,.387,.432,.333,.667,0.8,.030
17,2017,NBA,2,58,NYK,Ognjen Jaramaz\jaramog01,21.300,G,yu,,,,,,,,,,,,,,,,
18,2018,NBA,2,58,DEN,Thomas Welsh\welshth01,22.144,C,us,University of California Los Angeles,2019,2019,11,3.3,1.6,0.4,0.5,0.0,0.0,.538,.667,.429,.500,0.1,.162
19,2013,NBA,2,57,PHO,Alex Oriakhi\oriakal01,23.012,F,us,University of Missouri,,,,,,,,,,,,,,,
20,2014,NBA,2,57,IND,Louis Labeyrie\labeylo01,22.141,F,fr,,,,,,,,,,,,,,,,
21,2015,NBA,2,57,DEN,Nikola Radicevic\radicni01,21.066,G,rs,,,,,,,,,,,,,,,,
22,2016,NBA,2,57,MEM,Wang Zhelin\sheliwa01,22.160,C,cn,,,,,,,,,,,,,,,,
23,2017,NBA,2,57,BRK,Aleksandar Vezenkov\vezenal01,21.326,F,cy,,,,,,,,,,,,,,,,
24,2018,NBA,2,57,OKC,Kevin Hervey\herveke01,21.352,F,us,University of Texas at Arlington,,,,,,,,,,,,,,,
25,2013,NBA,2,56,DET,Peyton Siva\sivape01,22.252,G,us,University of Louisville,2014,2014,24,9.3,2.3,0.6,1.4,0.4,0.0,.316,.344,.280,.733,-0.2,-0.032
26,2014,NBA,2,56,DEN,Roy Devyn Marble\marblde01,21.283,G-F,us,University of Iowa,2015,2016,44,10.4,2.2,1.6,0.7,0.5,0.1,.304,.377,.222,.375,-0.3,-0.028
27,2015,NBA,2,56,NOP,Branden Dawson\dawsobr01,22.149,F,us,Michigan State University,2016,2016,6,4.8,0.8,0.7,0.0,0.0,0.2,.400,.400,,1.000,0.0,.069
28,2016,NBA,2,56,DEN,Daniel Hamilton\hamilda02,20.325,G-F,us,University of Connecticut,2018,2019,25,9.3,2.8,2.1,1.2,0.3,0.0,.394,.419,.357,.500,0.0,.000
29,2017,NBA,2,56,BOS,Jabari Bird\birdja01,22.360,G,us,University of California,2018,2018,13,8.8,3.0,1.5,0.6,0.2,0.1,.577,.632,.429,.462,0.2,.098
30,2018,NBA,2,56,PHI,Ray Spalding\spaldra01,21.107,F,us,University of Louisville,2019,2019,14,10.6,3.9,3.4,0.4,0.6,0.6,.532,.568,.000,.333,0.2,.051
31,2013,NBA,2,55,MEM,Joffrey Lauvergne\lauvejo01,21.276,C-F,fr,,2015,2018,208,13.6,5.6,3.8,0.9,0.3,0.2,.479,.520,.285,.719,5.2,.089
32,2014,NBA,2,55,MIA,Semaj Christon\chrisse01,21.242,G,us,Xavier University,2017,2017,64,15.2,2.9,1.4,2.0,0.4,0.1,.345,.406,.190,.548,0.1,.006
33,2015,NBA,2,55,SAS,Cady Lalanne\lalanca01,23.069,C,ht,University of Massachusetts Amherst,,,,,,,,,,,,,,,
34,2016,NBA,2,55,BRK,Marcus Paige\paigema01,22.291,G,us,University of North Carolina,2018,2018,5,5.6,2.4,0.8,0.6,0.0,0.0,.286,.333,.250,1.000,0.0,-0.006
35,2017,NBA,2,55,UTA,Nigel Williams-Goss\willini01,22.285,G,us,Gonzaga University,,,,,,,,,,,,,,,
36,2018,NBA,2,55,CHO,Arnoldas Kulboka\kulboar01,20.173,F,lt,,,,,,,,,,,,,,,,
37,2013,NBA,2,54,WAS,Arsalan Kazemi\kazemar01,23.072,F,ir,University of Oregon,,,,,,,,,,,,,,,
38,2014,NBA,2,54,PHI,Nemanja Dangubic\dangune01,21.079,G,rs,,,,,,,,,,,,,,,,
39,2015,NBA,2,54,UTA,Dani Diez\diezda01,22.084,F,es,,,,,,,,,,,,,,,,
40,2016,NBA,2,54,ATL,Kay Felder\feldeka01,21.092,G,us,Oakland University,2017,2018,58,9.1,3.8,1.0,1.3,0.4,0.1,.364,.385,.268,.754,-0.4,-0.041
41,2017,NBA,2,54,PHO,Alec Peters\peteral01,22.076,F,us,Valparaiso University,2018,2018,20,11.3,4.1,1.9,0.6,0.1,0.1,.378,.625,.310,.800,0.3,.055
42,2018,NBA,2,54,DAL,Shake Milton\miltosh01,21.273,G,us,Southern Methodist University,2019,2019,20,13.4,4.4,1.8,0.9,0.4,0.4,.391,.465,.318,.714,0.3,.059
43,2013,NBA,2,53,IND,Colton Iverson\iversco01,24.004,C,us,Colorado State University,,,,,,,,,,,,,,,
44,2014,NBA,2,53,MIN,Alessandro Gentile\gential01,21.231,F,it,,,,,,,,,,,,,,,,
45,2015,NBA,2,53,CLE,Sir'Dominic Pointer\pointsi01,23.055,G-F,us,St. John's University,,,,,,,,,,,,,,,
46,2016,NBA,2,53,DEN,Petr Cornelie\cornepe01,20.338,F,fr,,,,,,,,,,,,,,,,
47,2017,NBA,2,53,BOS,Kadeem Allen\allenka01,24.164,G,us,University of Arizona,2018,2019,37,14.1,5.6,1.7,2.4,0.5,0.2,.436,.466,.362,.778,0.9,.080
48,2018,NBA,2,53,OKC,Devon Hall\hallde01,22.355,G,us,University of Virginia,,,,,,,,,,,,,,,
49,2013,NBA,2,52,MIN,Lorenzo Brown\brownlo01,22.311,G,us,North Carolina State University,2014,2019,103,11.5,2.8,1.5,1.8,0.6,0.1,.364,.453,.170,.707,-0.2,-0.007
50,2014,NBA,2,52,PHI,Vasilije Micic\micicva01,20.169,G,rs,,,,,,,,,,,,,,,,
51,2015,NBA,2,52,DAL,Satnam Singh\singhsa01,19.202,C,in,,,,,,,,,,,,,,,,
52,2016,NBA,2,52,UTA,Joel Bolomboy\bolomjo01,22.152,F,ua,Weber State University,2017,2018,18,5.1,1.7,1.5,0.1,0.2,0.1,.545,.647,.200,.500,0.3,.132
53,2017,NBA,2,52,NOP,Edmond Sumner\sumneed01,21.179,G,us,Xavier University,2018,2019,24,8.8,2.8,1.0,0.4,0.5,0.2,.354,.421,.259,.625,0.1,.024
54,2018,NBA,2,52,UTA,Vince Edwards\edwarvi01,22.082,F,us,Purdue University,2019,2019,2,8.0,1.5,1.0,0.0,0.0,0.0,.250,,.250,,0.0,-0.014
55,2013,NBA,2,51,ORL,Romero Osby,,,,University of Oklahoma,,,,,,,,,,,,,,,
56,2014,NBA,2,51,NYK,Thanasis Antetokounmpo\antetth01,21.349,F,gr,,2016,2016,2,3.0,3.0,0.5,0.0,0.0,0.0,.750,1.000,.000,,0.0,.291
57,2015,NBA,2,51,ORL,Tyler Harvey\harvety01,21.348,G,us,Eastern Washington University,,,,,,,,,,,,,,,
58,2016,NBA,2,51,BOS,Ben Bentil\bentibe01,21.092,F,gh,Providence College,2017,2017,3,3.3,0.0,0.7,0.0,0.0,0.0,.000,.000,.000,,-0.1,-0.473
59,2017,NBA,2,51,DEN,Monte Morris\morrimo01,22.001,G,us,Iowa State University,2018,2019,85,23.5,10.1,2.3,3.6,0.9,0.0,.494,.533,.412,.807,6.4,.153
60,2018,NBA,2,51,NOP,Tony Carr\carrto01,20.258,G,us,Pennsylvania State University,,,,,,,,,,,,,,,
61,2013,NBA,2,50,ATL,James Ennis\ennisja01,23.002,F,us,California State University Long Beach,2015,2019,278,20.6,6.5,3.2,0.9,0.6,0.3,.457,.536,.357,.793,11.7,.098
62,2014,NBA,2,50,PHO,Alec Brown\brownal01,21.343,F-C,us,University of Wisconsin-Green Bay,,,,,,,,,,,,,,,
63,2015,NBA,2,50,ATL,Marcus Eriksson\eriksma01,21.207,G,se,,,,,,,,,,,,,,,,
64,2016,NBA,2,50,IND,Georges Niang\niangge01,23.012,F,us,Iowa State University,2017,2019,91,7.0,2.9,1.2,0.5,0.2,0.1,.434,.514,.364,.821,1.0,.073
65,2017,NBA,2,50,PHI,Mathias Lessort\lessoma01,21.272,F,mq,,,,,,,,,,,,,,,,
66,2018,NBA,2,50,IND,Alize Johnson\johnsal02,22.065,F,us,Missouri State,2019,2019,14,4.6,0.9,1.4,0.1,0.1,0.2,.250,.214,.500,.500,0.0,.027
67,2013,NBA,2,49,CHI,Erik Murphy\murpher01,22.250,F,fr,University of Florida,2014,2014,24,2.6,0.3,0.3,0.1,0.0,0.2,.231,.300,.000,,-0.1,-0.055
68,2014,NBA,2,49,CHI,Cameron Bairstow\bairsca01,23.207,F-C,au,University of New Mexico,2015,2016,36,4.6,1.2,1.0,0.2,0.1,0.1,.296,.306,.200,.846,-0.1,-0.021
69,2015,NBA,2,49,WAS,Aaron White\whiteaa01,22.293,F,us,University of Iowa,,,,,,,,,,,,,,,
70,2016,NBA,2,49,DET,Michael Gbinije\gbinimi01,24.024,G,us,Syracuse University,2017,2017,9,3.6,0.4,0.3,0.2,0.0,0.0,.100,.167,.000,1.000,-0.1,-0.136
71,2017,NBA,2,49,DEN,Vlatko Cancar\cancavl01,20.078,F,si,,,,,,,,,,,,,,,,
72,2018,NBA,2,49,SAS,Chimezie Metu\metuch01,21.096,F,us,University of Southern California,2019,2019,29,5.0,1.8,1.2,0.4,0.2,0.1,.328,.339,.000,.765,-0.3,-0.099
73,2013,NBA,2,48,LAL,Ryan Kelly\kellyry01,22.085,F,us,Duke University,2014,2017,163,19.2,6.0,3.1,1.3,0.5,0.5,.378,.416,.316,.797,3.0,.046
74,2014,NBA,2,48,MIL,Lamar Patterson\pattela01,22.324,G-F,us,University of Pittsburgh,2016,2017,40,10.9,2.3,1.4,1.1,0.3,0.1,.326,.450,.236,.720,0.1,.006
75,2015,NBA,2,48,OKC,Dakari Johnson\johnsda04,19.281,C,us,University of Kentucky,2018,2018,31,5.2,1.8,1.1,0.3,0.2,0.3,.564,.564,,.550,0.6,.178
76,2016,NBA,2,48,CHI,Paul Zipser\zipsepa01,22.131,G-F,de,,2017,2018,98,17.0,4.7,2.6,0.8,0.4,0.3,.371,.402,.335,.769,0.0,-0.001
77,2017,NBA,2,48,MIL,Sindarius Thornwell\thornsi01,22.225,G,us,University of South Carolina,2018,2019,137,10.7,2.5,1.3,0.6,0.5,0.2,.415,.442,.342,.689,1.0,.034
78,2018,NBA,2,48,MIN,Keita Bates-Diop\bateske01,22.155,F,us,Ohio State University,2019,2019,30,16.8,5.0,2.8,0.6,0.6,0.5,.423,.522,.250,.643,0.3,.032
79,2013,NBA,2,47,ATL,Raul Neto\netora01,21.044,G,br,,2016,2019,199,14.2,4.8,1.3,1.9,0.6,0.1,.443,.482,.377,.776,4.6,.078
80,2014,NBA,2,47,PHI,Russ Smith\smithru01,23.074,G,us,University of Louisville,2015,2016,27,4.9,2.0,0.6,0.7,0.3,0.0,.319,.387,.188,.769,-0.2,-0.068
81,2015,NBA,2,47,PHI,Arturas Gudaitis\gudaiar01,22.011,C,lt,,,,,,,,,,,,,,,,
82,2016,NBA,2,47,ORL,Jake Layman\laymaja01,22.114,F,us,University of Maryland,2017,2019,141,12.3,4.6,1.8,0.5,0.3,0.3,.457,.584,.302,.714,2.7,.075
83,2017,NBA,2,47,IND,Ike Anigbogu\anigbik01,18.253,F-C,us,University of California Los Angeles,2018,2019,14,2.6,0.9,0.9,0.1,0.1,0.3,.333,.333,,.833,0.0,.057
84,2018,NBA,2,47,LAL,Sviatoslav Mykhailiuk\mykhasv01,21.016,G-F,ua,University of Kansas,2019,2019,42,10.5,3.2,0.9,0.9,0.3,0.0,.329,.333,.326,.600,-0.1,-0.012
85,2013,NBA,2,46,UTA,Erick Green\greener01,22.055,G,us,Virginia Polytechnic Institute and State University,2015,2016,52,8.7,3.1,0.7,0.8,0.3,0.0,.377,.415,.288,.857,0.1,.011
86,2014,NBA,2,46,WAS,Jordan Clarkson\clarkjo01,22.024,G,us,University of Missouri,2015,2019,382,27.6,14.7,3.2,2.7,0.9,0.1,.445,.496,.335,.815,10.5,.048
87,2015,NBA,2,46,MIL,Norman Powell\powelno01,22.036,G,us,University of California Los Angeles,2016,2019,255,16.8,7.1,2.1,1.2,0.6,0.2,.442,.510,.345,.807,7.3,.082
88,2016,NBA,2,46,DAL,A.J. Hammons\hammoaj01,23.306,C,us,Purdue University,2017,2017,22,7.4,2.2,1.6,0.2,0.0,0.6,.405,.375,.500,.450,0.0,-0.001
89,2017,NBA,2,46,PHI,Sterling Brown\brownst02,22.138,G,us,Southern Methodist University,2018,2019,112,16.2,5.3,2.9,1.0,0.5,0.2,.439,.509,.357,.758,2.8,.074
90,2018,NBA,2,46,HOU,De'Anthony Melton\meltode01,20.029,G,us,University of Southern California,2019,2019,50,19.7,5.0,2.7,3.2,1.4,0.5,.391,.441,.305,.750,0.0,.002
91,2013,NBA,2,45,POR,Marko Todorovic\todorma01,21.074,F,me,,,,,,,,,,,,,,,,
92,2014,NBA,2,45,CHH,Dwight Powell\poweldw01,22.347,F-C,ca,Stanford University,2015,2019,331,17.8,7.5,4.5,0.9,0.7,0.5,.553,.612,.298,.750,22.4,.182
93,2015,NBA,2,45,BOS,Marcus Thornton\thornma02,22.141,G,us,College of William & Mary,,,,,,,,,,,,,,,
94,2016,NBA,2,45,BOS,Demetrius Jackson\jacksde01,21.295,G,us,University of Notre Dame,2017,2019,26,5.2,1.8,0.7,0.7,0.3,0.0,.486,.609,.286,.667,0.2,.087
95,2017,NBA,2,45,HOU,Dillon Brooks\brookdi01,21.157,F-G,ca,University of Oregon,2018,2019,100,26.8,10.3,2.9,1.5,0.8,0.2,.435,.475,.359,.745,1.2,.021
96,2018,NBA,2,45,BRK,Hamidou Diallo\diallha01,19.330,G,us,University of Kentucky,2019,2019,51,10.3,3.7,1.9,0.3,0.4,0.2,.455,.504,.167,.610,0.8,.069
97,2013,NBA,2,44,DAL,Mike Muscala\muscami01,22.002,F-C,us,Bucknell University,2014,2019,307,15.9,5.7,3.3,0.9,0.4,0.5,.468,.545,.365,.841,11.9,.117
98,2014,NBA,2,44,MIN,Markel Brown\brownma02,22.154,G,us,Oklahoma State University,2015,2018,113,15.9,5.2,2.1,1.2,0.6,0.2,.380,.427,.295,.781,1.1,.029
99,2015,NBA,2,44,PHO,Andrew Harrison\harrian01,20.245,G,us,University of Kentucky,2017,2019,145,20.6,7.0,2.0,2.8,0.7,0.3,.373,.422,.294,.779,3.2,.051
100,2016,NBA,2,44,ATL,Isaia Cordinier\cordiis01,19.212,G,fr,,,,,,,,,,,,,,,,
101,2017,NBA,2,44,NYK,Damyean Dotson\dotsoda01,23.053,G,us,University of Oregon,2018,2019,117,21.2,8.2,3.0,1.4,0.6,0.1,.421,.477,.361,.736,2.1,.041
102,2018,NBA,2,44,WAS,Issuf Sanon\sanonis01,18.239,G,ua,,,,,,,,,,,,,,,,
103,2013,NBA,2,43,MIL,Ricky Ledo\ledori01,20.295,G,us,Providence College,2014,2015,28,9.9,3.9,1.4,0.8,0.3,0.0,.336,.321,.371,.769,-0.6,-0.096
104,2014,NBA,2,43,ATL,Walter Tavares\tavarwa01,22.101,C,cv,,2016,2017,13,7.8,2.5,2.5,0.3,0.1,0.9,.625,.625,,.273,0.2,.118
105,2015,NBA,2,43,IND,Joseph Young\youngjo01,23.003,G,us,University of Oregon,2016,2018,127,8.5,3.4,1.0,0.9,0.3,0.0,.393,.438,.296,.768,0.4,.016
106,2016,NBA,2,43,HOU,Zhou Qi\qizh01,20.164,F-C,cn,,2018,2019,19,6.6,1.3,1.2,0.1,0.1,0.7,.212,.357,.105,.667,-0.2,-0.093
107,2017,NBA,2,43,HOU,Isaiah Hartenstein\harteis01,19.053,F,us,,2019,2019,28,7.9,1.9,1.7,0.5,0.3,0.4,.488,.514,.333,.786,0.5,.101
108,2018,NBA,2,43,DEN,Justin Jackson\jacksju02,21.128,F,ca,University of Maryland,,,,,,,,,,,,,,,
109,2013,NBA,2,42,PHI,Pierre Jackson\jackspi01,21.308,G,us,Baylor University,2017,2017,8,10.5,4.4,1.1,2.4,0.3,0.0,.333,.357,.273,.857,0.0,.021
110,2014,NBA,2,42,HOU,Nick Johnson\johnsni01,21.191,G,us,University of Arizona,2015,2015,28,9.4,2.6,1.4,0.4,0.3,0.1,.347,.389,.238,.680,-0.1,-0.020
111,2015,NBA,2,42,UTA,Olivier Hanlan\hanlaol01,22.135,G,ca,Boston College,,,,,,,,,,,,,,,
112,2016,NBA,2,42,UTA,Isaiah Whitehead\whiteis01,21.113,G,us,Seton Hall University,2017,2018,89,20.5,7.2,2.4,2.4,0.6,0.4,.411,.452,.305,.788,-0.9,-0.025
113,2017,NBA,2,42,UTA,Thomas Bryant\bryanth01,19.331,C,us,Indiana University,2018,2019,87,18.0,9.0,5.4,1.1,0.3,0.8,.606,.684,.312,.767,5.6,.172
114,2018,NBA,2,42,DET,Bruce Brown\brownbr01,21.315,G,us,University of Miami,2019,2019,74,19.6,4.3,2.5,1.2,0.5,0.5,.398,.457,.258,.750,1.5,.048
115,2013,NBA,2,41,MEM,Jamaal Franklin\frankja01,21.347,G,us,San Diego State University,2014,2015,24,7.3,1.8,1.0,0.4,0.2,0.1,.415,.393,.462,1.000,0.0,-0.006
116,2014,NBA,2,41,DEN,Nikola Jokic\jokicni01,19.132,C-F,rs,,2016,2019,308,28.3,16.3,9.6,5.1,1.1,0.7,.523,.571,.345,.828,38.9,.214
117,2015,NBA,2,41,BRK,Pat Connaughton\connapa01,22.175,G,us,University of Notre Dame,2016,2019,216,14.9,4.6,2.3,1.2,0.3,0.2,.439,.544,.349,.796,6.8,.101
118,2016,NBA,2,41,ORL,Stephen Zimmerman\zimmest01,19.292,C,us,University of Nevada Las Vegas,2017,2017,19,5.7,1.2,1.8,0.2,0.1,0.3,.323,.323,,.600,0.0,-0.005
119,2017,NBA,2,41,ATL,Tyler Dorsey\dorsety01,21.130,G,us,University of Oregon,2018,2019,104,16.1,6.7,2.3,1.3,0.3,0.1,.389,.429,.350,.669,1.0,.030
120,2018,NBA,2,41,ORL,Jarred Vanderbilt\vandeja01,19.084,F,us,University of Kentucky,2019,2019,17,4.1,1.4,1.4,0.2,0.4,0.1,.474,.500,.000,.600,0.1,.037
121,2013,NBA,2,40,POR,Grant Jerrett\jerregr01,19.359,F,us,University of Arizona,2015,2015,8,6.4,2.0,1.1,0.4,0.3,0.3,.269,.545,.067,1.000,-0.1,-0.128
122,2014,NBA,2,40,MIN,Glenn Robinson III\robingl02,20.174,G-F,us,University of Michigan,2015,2019,219,14.4,4.4,2.1,0.6,0.4,0.2,.439,.480,.361,.726,4.7,.072
123,2015,NBA,2,40,MIA,Josh Richardson\richajo01,21.288,G,us,University of Tennessee,2016,2019,259,30.7,12.1,3.2,2.9,1.1,0.7,.425,.467,.368,.821,15.7,.095
124,2016,NBA,2,40,NOP,Diamond Stone\stonedi01,19.138,C,us,University of Maryland,2017,2017,7,3.4,1.4,0.9,0.0,0.0,0.1,.231,.231,,1.000,-0.1,-0.211
125,2017,NBA,2,40,NOP,Dwayne Bacon\bacondw01,21.302,G,us,Florida State University,2018,2019,96,15.3,5.1,2.2,0.9,0.3,0.1,.432,.455,.377,.761,1.1,.034
126,2018,NBA,2,40,BRK,Rodions Kurucs\kurucro01,20.141,F,lv,,2019,2019,63,20.5,8.5,3.9,0.8,0.7,0.4,.450,.543,.315,.783,1.6,.059
127,2013,NBA,2,39,POR,Jeff Withey\witheje01,23.118,C,us,University of Kansas,2014,2018,206,10.1,3.2,2.5,0.3,0.3,0.8,.525,.537,.143,.716,6.8,.157
128,2014,NBA,2,39,PHI,Jerami Grant\grantje01,20.111,F,us,Syracuse University,2015,2019,383,24.1,8.8,3.9,1.0,0.6,1.2,.461,.522,.334,.654,18.2,.095
129,2015,NBA,2,39,CHO,Juan Pablo Vaulet\vauleju01,19.099,F,ar,,,,,,,,,,,,,,,,
130,2016,NBA,2,39,NOP,David Michineau\michida01,22.023,G,gp,,,,,,,,,,,,,,,,
131,2017,NBA,2,39,PHI,Jawun Evans\evansja01,20.336,G,us,Oklahoma State University,2018,2019,56,15.1,4.2,1.7,2.0,0.7,0.1,.345,.367,.263,.776,-0.4,-0.022
132,2018,NBA,2,39,PHI,Isaac Bonga\bongais01,18.230,G,de,,2019,2019,22,5.5,0.9,1.1,0.7,0.4,0.2,.152,.200,.000,.600,-0.1,-0.059
133,2013,NBA,2,38,WAS,Nate Wolters\woltena01,22.049,G,us,South Dakota State University,2014,2018,84,18.8,5.5,2.2,2.5,0.5,0.2,.423,.452,.261,.635,0.9,.028
134,2014,NBA,2,38,DET,Spencer Dinwiddie\dinwisp01,21.086,G,us,University of Colorado,2015,2019,253,24.4,11.0,2.6,4.5,0.7,0.3,.408,.477,.323,.801,13.5,.105
135,2015,NBA,2,38,DET,Darrun Hilliard\hillida01,22.078,G,us,Villanova University,2016,2018,91,9.4,3.2,0.9,0.8,0.2,0.0,.377,.420,.304,.747,0.3,.016
136,2016,NBA,2,38,MIL,Patrick McCaw\mccawpa01,20.247,G,us,University of Nevada Las Vegas,2017,2019,157,15.5,3.7,1.5,1.2,0.6,0.2,.420,.513,.299,.791,2.8,.056
137,2017,NBA,2,38,CHI,Jordan Bell\belljo01,22.172,F,us,University of Oregon,2018,2019,125,12.8,3.9,3.1,1.4,0.4,0.9,.570,.580,.000,.647,4.5,.136
138,2018,NBA,2,38,PHI,Khyri Thomas\thomakh01,22.049,G,us,Creighton University,2019,2019,26,7.5,2.3,0.8,0.3,0.3,0.2,.319,.353,.286,.636,0.0,.005
139,2013,NBA,2,37,DET,Tony Mitchell\mitchto02,21.086,F,us,University of North Texas,2014,2014,21,3.8,1.0,1.2,0.1,0.3,0.1,.417,.364,1.000,.579,0.2,.151
140,2014,NBA,2,37,TOR,DeAndre Daniels\daniede01,22.077,F,us,University of Connecticut,,,,,,,,,,,,,,,
141,2015,NBA,2,37,PHI,Richaun Holmes\holmeri01,21.258,F-C,us,Bowling Green State University,2016,2019,226,16.9,7.7,4.4,0.9,0.5,0.9,.565,.608,.257,.706,12.4,.155
142,2016,NBA,2,37,HOU,Chinanu Onuaku\onuakch01,19.239,F-C,us,University of Louisville,2017,2018,6,12.3,3.0,2.3,0.7,0.5,0.2,.583,.583,,1.000,0.1,.043
143,2017,NBA,2,37,BOS,Semi Ojeleye\ojelese01,22.205,F,us,Southern Methodist University,2018,2019,129,13.5,3.0,1.9,0.3,0.2,0.1,.382,.485,.318,.613,1.9,.051
144,2018,NBA,2,37,SAC,Gary Trent\trentga02,19.159,G,us,Duke University,2019,2019,15,7.4,2.7,0.7,0.3,0.1,0.1,.320,.379,.238,.429,-0.2,-0.092
145,2013,NBA,2,36,SAC,Ray McCallum\mccalra01,22.021,G,us,University of Detroit Mercy,2014,2016,154,18.2,6.0,2.0,2.4,0.5,0.2,.408,.430,.335,.711,2.1,.035
146,2014,NBA,2,36,MIL,Johnny O'Bryant III\obryajo01,21.030,F-C,us,Louisiana State University,2015,2018,147,11.5,3.5,2.4,0.5,0.2,0.1,.402,.406,.360,.663,0.2,.006
147,2015,NBA,2,36,MIN,Rakeem Christmas\chrisra01,23.212,F,us,Syracuse University,2016,2017,30,7.5,2.1,1.9,0.1,0.1,0.2,.467,.467,,.724,0.5,.105
148,2016,NBA,2,36,MIL,Malcolm Brogdon\brogdma01,23.200,G,us,University of Virginia,2017,2019,187,28.1,12.8,3.5,3.6,0.9,0.2,.484,.519,.408,.895,13.4,.122
149,2017,NBA,2,36,PHI,Jonah Bolden\boldejo01,21.177,F,au,,2019,2019,44,14.5,4.7,3.8,0.9,0.4,0.9,.494,.697,.354,.481,1.4,.106
150,2018,NBA,2,36,NYK,Mitchell Robinson\robinmi01,20.086,C,us,,2019,2019,66,20.6,7.3,6.4,0.6,0.8,2.4,.694,.694,,.600,6.1,.217
151,2013,NBA,2,35,PHI,Glen Rice\ricegl02,22.183,G,us,Georgia Institute of Technology,2014,2015,16,9.5,2.7,1.5,0.6,0.4,0.1,.269,.286,.250,.692,-0.2,-0.065
152,2014,NBA,2,35,UTA,Jarnell Stokes\stokeja01,20.175,F-C,us,University of Tennessee,2015,2017,28,5.4,2.4,1.4,0.3,0.3,0.2,.581,.581,,.531,0.6,.202
153,2015,NBA,2,35,PHI,Willy Hernangomez\hernawi01,21.034,C,es,,2017,2019,178,14.8,7.0,5.6,1.1,0.4,0.4,.530,.543,.364,.696,7.8,.142
154,2016,NBA,2,35,BOS,Rade Zagorac\zagorra01,20.321,G-F,rs,,,,,,,,,,,,,,,,
155,2017,NBA,2,35,ORL,Ivan Rabb\rabbiv01,20.143,F,us,University of California,2018,2019,85,14.6,5.7,4.3,1.0,0.3,0.3,.555,.570,.200,.743,3.2,.125
156,2018,NBA,2,35,ORL,Melvin Frazier\frazime01,21.300,G,us,Tulane University,2019,2019,10,4.4,1.5,0.5,0.1,0.1,0.0,.333,.467,.000,.250,-0.1,-0.133
157,2013,NBA,2,34,HOU,Isaiah Canaan\canaais01,22.043,G,us,Murray State University,2014,2019,235,20.4,8.1,1.9,1.9,0.6,0.1,.371,.404,.351,.836,4.3,.043
158,2014,NBA,2,34,NYK,Cleanthony Early\earlycl01,23.076,F,us,Wichita State University,2015,2016,56,14.3,4.3,2.2,0.8,0.5,0.3,.346,.400,.263,.750,-0.6,-0.039
159,2015,NBA,2,34,LAL,Anthony Brown\brownan02,22.263,F-G,us,Stanford University,2016,2018,41,18.6,3.9,2.5,0.7,0.5,0.1,.328,.380,.286,.850,-0.2,-0.016
160,2016,NBA,2,34,PHO,Tyler Ulis\ulisty01,20.175,G,us,University of Kentucky,2017,2019,133,20.9,7.5,1.7,4.0,0.9,0.1,.403,.439,.280,.808,0.5,.008
161,2017,NBA,2,34,SAC,Frank Mason\masonfr01,23.086,G,us,University of Kansas,2018,2019,90,15.8,6.8,1.9,2.6,0.6,0.2,.392,.426,.300,.773,0.9,.029
162,2018,NBA,2,34,ATL,Devonte' Graham\grahade01,23.125,G,us,University of Kansas,2019,2019,46,14.7,4.7,1.4,2.6,0.5,0.0,.343,.421,.281,.761,0.5,.035
163,2013,NBA,2,33,CLE,Carrick Felix\felixca01,22.320,G,us,Arizona State University,2014,2014,7,5.4,2.7,0.9,0.6,0.0,0.0,.500,.556,.400,.750,0.0,.057
164,2014,NBA,2,33,CLE,Joe Harris\harrijo01,22.299,G,us,University of Virginia,2015,2019,262,22.6,9.4,2.8,1.5,0.4,0.2,.475,.539,.427,.797,10.4,.085
165,2015,NBA,2,33,BOS,Jordan Mickey\mickejo01,20.356,F,us,Louisiana State University,2016,2018,64,7.5,2.4,2.0,0.3,0.1,0.4,.449,.496,.118,.605,0.5,.050
166,2016,NBA,2,33,LAC,Cheick Diallo\diallch01,19.288,F,ml,University of Kansas,2017,2019,133,12.6,5.5,4.6,0.4,0.3,0.5,.585,.588,.250,.747,5.0,.142
167,2017,NBA,2,33,ORL,Wesley Iwundu\iwundwe01,22.190,F,us,Kansas State University,2018,2019,130,17.3,4.4,2.5,1.0,0.5,0.3,.419,.458,.304,.787,2.5,.054
168,2018,NBA,2,33,DAL,Jalen Brunson\brunsja01,21.299,G,us,Villanova University,2019,2019,73,21.8,9.3,2.3,3.2,0.5,0.1,.467,.523,.348,.725,2.6,.077
169,2013,NBA,2,32,OKC,Alex Abrines\abrinal01,19.335,G-F,es,,2017,2019,174,16.0,5.3,1.4,0.5,0.5,0.1,.387,.443,.368,.880,5.0,.086
170,2014,NBA,2,32,PHI,K.J. McDaniels\mcdankj01,21.142,G-F,us,Clemson University,2015,2017,148,14.1,5.3,2.2,0.6,0.5,0.6,.412,.479,.290,.776,1.3,.030
171,2015,NBA,2,32,HOU,Montrezl Harrell\harremo01,21.155,F-C,us,University of Louisville,2016,2019,255,19.2,11.2,4.4,1.2,0.5,0.8,.629,.637,.156,.629,19.2,.188
172,2016,NBA,2,32,LAL,Ivica Zubac\zubaciv01,19.102,C,ba,,2017,2019,140,14.7,6.9,4.6,0.8,0.3,0.7,.540,.543,.000,.761,5.3,.124
173,2017,NBA,2,32,PHO,Davon Reed\reedda01,22.017,G,us,University of Miami,2018,2019,31,9.3,2.4,1.5,0.5,0.4,0.1,.307,.304,.310,.667,-0.2,-0.039
174,2018,NBA,2,32,MEM,Jevon Carter\carteje01,22.286,G,us,West Virginia University,2019,2019,39,14.8,4.4,1.7,1.8,0.7,0.3,.303,.265,.333,.813,0.0,-0.003
175,2013,NBA,2,31,CLE,Allen Crabbe\crabbal01,21.084,G-F,us,University of California,2014,2019,344,24.6,9.5,2.9,1.2,0.6,0.3,.429,.472,.393,.835,13.8,.078
176,2014,NBA,2,31,MIL,Damien Inglis\inglida01,19.042,F,gf,,2016,2016,20,7.8,1.8,1.6,0.5,0.3,0.2,.351,.417,.231,.875,-0.1,-0.024
177,2015,NBA,2,31,MIN,Cedi Osman\osmande01,20.083,F,mk,,2018,2019,137,22.7,9.0,3.5,1.7,0.6,0.1,.437,.506,.351,.736,2.4,.036
178,2016,NBA,2,31,BOS,Deyonta Davis\davisde01,19.208,C-F,us,Michigan State University,2017,2019,107,12.1,4.2,3.2,0.4,0.2,0.6,.599,.601,.000,.635,3.6,.131
179,2017,NBA,2,31,CHO,Frank Jackson\jacksfr01,19.054,G,us,Duke University,2019,2019,61,19.2,8.1,2.2,1.1,0.4,0.0,.434,.507,.314,.740,0.4,.018
180,2018,NBA,2,31,PHO,Elie Okobo\okoboel01,20.246,G,fr,,2019,2019,53,18.1,5.7,1.8,2.4,0.6,0.1,.393,.475,.295,.787,-0.5,-0.027
181,2013,NBA,1,30,PHO,Nemanja Nedovic\nedovne01,22.017,G,rs,,2014,2014,24,5.9,1.1,0.6,0.5,0.0,0.0,.205,.238,.167,.875,-0.4,-0.132
182,2014,NBA,1,30,SAS,Kyle Anderson\anderky01,20.284,F-G,us,University of California Los Angeles,2015,2019,300,19.6,5.3,3.9,1.9,1.0,0.5,.492,.519,.324,.706,15.4,.125
183,2015,NBA,1,30,GSW,Kevon Looney\looneke01,19.144,F-C,us,University of California Los Angeles,2016,2019,204,14.0,4.5,3.8,1.0,0.5,0.6,.595,.611,.192,.593,10.3,.172
184,2016,NBA,1,30,GSW,Damian Jones\jonesda03,20.364,F-C,us,Vanderbilt University,2017,2019,49,11.9,3.6,2.3,0.6,0.3,0.7,.643,.643,,.577,1.6,.129
185,2017,NBA,1,30,UTA,Josh Hart\hartjo01,22.114,G,us,Villanova University,2018,2019,130,24.4,7.9,3.9,1.3,0.9,0.4,.435,.530,.361,.695,5.5,.083
186,2018,NBA,1,30,ATL,Omari Spellman\spellom01,20.340,F,us,Villanova University,2019,2019,46,17.5,5.9,4.2,1.0,0.6,0.5,.402,.466,.344,.711,1.2,.070
187,2013,NBA,1,29,OKC,Archie Goodwin\goodwar01,18.319,G,us,University of Kentucky,2014,2017,165,14.5,6.3,2.0,1.2,0.4,0.2,.429,.484,.236,.700,1.1,.022
188,2014,NBA,1,29,OKC,Josh Huestis\huestjo01,22.195,F,us,Stanford University,2016,2018,76,14.1,2.5,2.4,0.3,0.2,0.6,.346,.400,.312,.240,0.7,.030
189,2015,NBA,1,29,BRK,Chris McCullough\mcculch01,20.145,F,us,Syracuse University,2016,2018,59,9.0,3.3,1.9,0.3,0.5,0.3,.426,.470,.306,.548,0.6,.054
190,2016,NBA,1,29,SAS,Dejounte Murray\murrade01,19.282,G,us,University of Washington,2017,2018,119,17.4,6.6,4.2,2.3,0.9,0.3,.441,.452,.316,.708,3.2,.074
191,2017,NBA,1,29,SAS,Derrick White\whitede01,22.361,G,us,University of Colorado,2018,2019,84,22.2,8.5,3.3,3.2,0.8,0.6,.479,.523,.361,.762,4.1,.106
192,2018,NBA,1,29,BRK,Dzanan Musa\musadz01,19.049,G-F,ba,,2019,2019,9,4.3,2.1,0.6,0.2,0.2,0.0,.409,.667,.100,.000,-0.1,-0.152
193,2013,NBA,1,28,SAS,Livio Jean-Charles\jeancli01,19.236,F,gf,,,,,,,,,,,,,,,,
194,2014,NBA,1,28,LAC,C.J. Wilcox\wilcocj01,23.184,G,us,University of Washington,2015,2017,66,5.7,2.0,0.5,0.5,0.2,0.1,.370,.397,.333,.813,0.1,.007
195,2015,NBA,1,28,BOS,R.J. Hunter\hunterj01,21.249,G,us,Georgia State University,2016,2019,45,8.8,3.0,1.0,0.4,0.4,0.1,.371,.523,.295,.818,0.4,.051
196,2016,NBA,1,28,PHO,Skal Labissiere\labissk01,20.102,F,ht,University of Kentucky,2017,2019,115,17.6,7.6,4.3,1.0,0.4,0.6,.480,.492,.375,.746,3.0,.070
197,2017,NBA,1,28,LAL,Tony Bradley\bradlto01,19.170,F-C,us,University of North Carolina,2018,2019,12,5.4,2.1,2.2,0.2,0.2,0.2,.407,.423,.000,.750,0.1,.087
198,2018,NBA,1,28,GSW,Jacob Evans\evansja02,21.008,G-F,us,University of Cincinnati,2019,2019,30,6.8,1.3,0.8,0.8,0.2,0.1,.340,.368,.267,.000,-0.1,-0.030
199,2013,NBA,1,27,DEN,Rudy Gobert\goberru01,21.006,C,fr,,2014,2019,406,28.7,11.1,10.5,1.3,0.7,2.2,.629,.629,.000,.631,52.8,.218
200,2014,NBA,1,27,PHO,Bogdan Bogdanovic\bogdabo01,21.317,G,rs,,2018,2019,148,27.9,12.9,3.1,3.5,1.0,0.2,.431,.473,.375,.833,5.6,.065
201,2015,NBA,1,27,LAL,Larry Nance Jr.\nancela02,22.180,F-C,us,University of Wyoming,2016,2019,259,22.9,7.7,6.5,1.7,1.3,0.5,.539,.566,.295,.698,16.4,.133
202,2016,NBA,1,27,TOR,Pascal Siakam\siakapa01,22.088,F,cm,New Mexico State University,2017,2019,216,23.5,10.1,5.1,2.0,0.7,0.6,.531,.592,.309,.743,15.5,.146
203,2017,NBA,1,27,BRK,Kyle Kuzma\kuzmaky01,21.339,F,us,University of Utah,2018,2019,147,32.1,17.3,5.9,2.2,0.6,0.4,.453,.533,.335,.731,7.0,.071
204,2018,NBA,1,27,BOS,Robert Williams\williro04,20.252,F,us,Texas A&M University,2019,2019,32,8.8,2.5,2.5,0.2,0.3,1.3,.706,.706,,.600,1.2,.201
205,2013,NBA,1,26,MIN,Andre Roberson\roberan03,21.211,G-F,us,University of Colorado,2014,2018,295,22.5,4.6,4.0,0.9,0.9,0.7,.482,.609,.257,.467,12.7,.092
206,2014,NBA,1,26,MIA,P.J. Hairston\hairspj02,21.189,G-F,us,University of North Carolina,2015,2016,111,18.0,6.0,2.4,0.5,0.5,0.2,.343,.414,.295,.810,0.9,.021
207,2015,NBA,1,26,SAS,Nikola Milutinov\milutni01,20.182,C,rs,,,,,,,,,,,,,,,,
208,2016,NBA,1,26,PHI,Furkan Korkmaz\korkmfu01,18.339,G,tr,,2018,2019,62,12.2,4.9,1.9,0.9,0.5,0.0,.388,.482,.323,.792,1.1,.070
209,2017,NBA,1,26,POR,Caleb Swanigan\swanica01,20.070,F,us,Purdue University,2018,2019,48,7.6,2.2,2.5,0.5,0.2,0.1,.372,.408,.133,.667,-0.2,-0.031
210,2018,NBA,1,26,PHI,Landry Shamet\shamela01,21.105,G,us,Wichita State University,2019,2019,79,22.8,9.1,1.7,1.5,0.5,0.1,.431,.453,.422,.806,3.6,.095
211,2013,NBA,1,25,LAC,Reggie Bullock\bullore01,22.109,G-F,us,University of North Carolina,2014,2019,272,19.3,6.8,2.1,1.1,0.5,0.1,.434,.495,.392,.828,9.7,.089
212,2014,NBA,1,25,HOU,Clint Capela\capelca01,20.044,C,ch,,2015,2019,295,25.1,12.0,9.2,0.9,0.7,1.4,.635,.635,.000,.525,31.4,.204
213,2015,NBA,1,25,MEM,Jarell Martin\martija01,21.037,F,us,Louisiana State University,2016,2019,184,15.9,5.4,3.5,0.6,0.4,0.4,.434,.457,.346,.766,3.2,.053
214,2016,NBA,1,25,LAC,Brice Johnson\johnsbr02,22.002,F,us,University of North Carolina,2017,2018,21,5.1,2.2,1.6,0.1,0.5,0.3,.449,.458,.000,.600,0.1,.062
215,2017,NBA,1,25,ORL,Anzejs Pasecniks\pasecan01,21.190,C,lv,,,,,,,,,,,,,,,,
216,2018,NBA,1,25,LAL,Moritz Wagner\wagnemo01,21.061,F-C,de,University of Michigan,2019,2019,43,10.4,4.8,2.0,0.6,0.3,0.3,.415,.521,.286,.811,0.2,.020
217,2013,NBA,1,24,NYK,Tim Hardaway\hardati02,21.108,G,us,University of Michigan,2014,2019,403,26.1,13.1,2.6,1.8,0.6,0.2,.418,.489,.343,.816,15.1,.069
218,2014,NBA,1,24,CHH,Shabazz Napier\napiesh01,22.353,G,us,University of Connecticut,2015,2019,289,16.1,6.4,1.7,2.0,0.8,0.1,.393,.429,.354,.812,6.4,.067
219,2015,NBA,1,24,CLE,Tyus Jones\jonesty01,19.050,G,us,Duke University,2016,2019,247,17.7,5.1,1.5,3.3,1.0,0.1,.419,.464,.333,.819,8.4,.092
220,2016,NBA,1,24,PHI,Timothe Luwawu\luwawti01,21.051,F,fr,,2017,2019,171,15.6,5.7,1.9,0.9,0.4,0.1,.387,.457,.320,.820,1.8,.033
221,2017,NBA,1,24,UTA,Tyler Lydon\lydonty01,21.079,F,us,Syracuse University,2018,2019,26,3.7,0.9,0.7,0.2,0.1,0.0,.500,.625,.400,.333,0.2,.084
222,2018,NBA,1,24,POR,Anfernee Simons\simonan01,19.018,G,us,,2019,2019,20,7.1,3.8,0.7,0.7,0.1,0.0,.444,.529,.345,.563,0.1,.020
223,2013,NBA,1,23,IND,Solomon Hill\hillso01,22.107,F,us,University of Arizona,2014,2019,305,22.7,5.9,3.3,1.5,0.7,0.2,.395,.447,.329,.809,9.2,.064
224,2014,NBA,1,23,UTA,Rodney Hood\hoodro01,21.254,G-F,us,Duke University,2015,2019,320,27.2,12.6,2.8,1.9,0.8,0.2,.422,.465,.367,.841,16.0,.088
225,2015,NBA,1,23,POR,Rondae Hollis-Jefferson\holliro01,20.178,F,us,University of Arizona,2016,2019,234,23.6,9.9,5.9,2.0,1.0,0.6,.444,.468,.223,.739,9.1,.079
226,2016,NBA,1,23,BOS,Ante Zizic\zizican01,19.175,F-C,hr,,2018,2019,91,14.2,6.4,4.2,0.6,0.2,0.4,.583,.583,,.708,3.0,.110
227,2017,NBA,1,23,TOR,OG Anunoby\anunoog01,19.345,F,gb,Indiana University,2018,2019,141,20.1,6.4,2.7,0.7,0.7,0.3,.461,.587,.351,.605,5.0,.085
228,2018,NBA,1,23,IND,Aaron Holiday\holidaa01,21.269,G,us,University of California Los Angeles,2019,2019,50,12.9,5.9,1.3,1.7,0.4,0.3,.401,.459,.339,.820,0.9,.065
229,2013,NBA,1,22,BRK,Mason Plumlee\plumlma01,23.120,C-F,us,Duke University,2014,2019,471,22.1,8.5,6.3,2.2,0.8,1.0,.570,.575,.074,.565,31.0,.143
230,2014,NBA,1,22,MEM,Jordan Adams\adamsjo01,19.358,G,us,University of California Los Angeles,2015,2016,32,8.2,3.2,0.9,0.6,0.6,0.2,.402,.409,.385,.607,0.4,.070
231,2015,NBA,1,22,CHI,Bobby Portis\portibo01,20.140,F,us,University of Arkansas,2016,2019,249,20.3,10.2,6.2,1.1,0.5,0.3,.458,.490,.361,.751,9.0,.085
232,2016,NBA,1,22,CHO,Malachi Richardson\richama01,20.175,G,us,Syracuse University,2017,2019,70,8.9,2.8,1.0,0.3,0.2,0.0,.358,.415,.301,.783,-0.1,-0.009
233,2017,NBA,1,22,BRK,Jarrett Allen\allenja01,19.067,C-F,us,University of Texas at Austin,2018,2019,152,23.3,9.6,7.0,1.0,0.5,1.4,.590,.617,.183,.732,11.9,.161
234,2018,NBA,1,22,CHI,Chandler Hutchison\hutchch01,22.061,G,us,Boise State University,2019,2019,44,20.3,5.2,4.2,0.8,0.5,0.1,.459,.516,.280,.605,0.6,.030
235,2013,NBA,1,21,UTA,Gorgui Dieng\dienggo01,23.166,C,sn,University of Louisville,2014,2019,452,22.7,8.0,6.2,1.4,0.8,1.0,.505,.518,.332,.790,24.4,.114
236,2014,NBA,1,21,OKC,Mitch McGary\mcgarmi01,22.025,F-C,us,University of Michigan,2015,2016,52,10.7,4.4,3.5,0.3,0.3,0.3,.527,.544,.000,.580,1.3,.108
237,2015,NBA,1,21,DAL,Justin Anderson\anderju01,21.223,G,us,University of Virginia,2016,2019,216,13.2,5.3,2.6,0.7,0.4,0.3,.419,.523,.302,.778,4.7,.079
238,2016,NBA,1,21,ATL,DeAndre Bembry\bembrde01,21.360,F,us,Saint Joseph's University,2017,2019,146,18.9,6.3,3.3,1.9,0.9,0.4,.445,.504,.281,.605,0.8,.014
239,2017,NBA,1,21,OKC,Terrance Ferguson\fergute01,19.041,G-F,us,,2018,2019,135,20.0,5.2,1.4,0.7,0.5,0.2,.425,.574,.356,.754,4.0,.072
240,2018,NBA,1,21,UTA,Grayson Allen\allengr01,22.262,G,us,Duke University,2019,2019,38,10.9,5.6,0.6,0.7,0.2,0.2,.376,.443,.323,.750,0.0,.002
241,2013,NBA,1,20,CHI,Tony Snell\snellto01,21.235,G-F,us,University of New Mexico,2014,2019,442,21.8,6.2,2.4,1.0,0.5,0.2,.425,.481,.382,.819,13.5,.067
242,2014,NBA,1,20,TOR,Bruno Caboclo\cabocbr01,18.283,F,br,,2015,2019,69,14.7,4.9,2.8,0.9,0.3,0.6,.392,.451,.344,.839,1.1,.054
243,2015,NBA,1,20,TOR,Delon Wright\wrighde01,23.065,G,us,University of Utah,2016,2019,198,19.2,7.4,2.8,2.7,1.0,0.4,.445,.495,.332,.796,10.5,.132
244,2016,NBA,1,20,IND,Caris LeVert\leverca01,21.308,G-F,us,University of Michigan,2017,2019,168,24.8,11.1,3.6,3.4,1.0,0.3,.437,.499,.329,.707,5.8,.066
245,2017,NBA,1,20,POR,Harry Giles\gilesha01,19.066,F-C,us,Duke University,2019,2019,58,14.1,7.0,3.8,1.5,0.5,0.4,.503,.512,.000,.637,1.0,.056
246,2018,NBA,1,20,MIN,Josh Okogie\okogijo01,19.298,G,ng,Georgia Institute of Technology,2019,2019,74,23.7,7.7,2.9,1.2,1.2,0.4,.386,.464,.279,.728,1.2,.034
247,2013,NBA,1,19,CLE,Sergey Karasev\karasse01,19.249,G-F,ru,,2014,2016,95,11.7,3.0,1.5,0.9,0.3,0.0,.395,.489,.282,.842,0.8,.036
248,2014,NBA,1,19,CHI,Gary Harris\harriga01,19.290,G,us,Michigan State University,2015,2019,312,28.5,12.4,2.6,2.1,1.2,0.2,.460,.525,.365,.802,16.0,.086
249,2015,NBA,1,19,WAS,Jerian Grant\grantje02,22.264,G,us,University of Notre Dame,2016,2019,273,18.0,6.1,1.9,2.9,0.7,0.1,.412,.465,.324,.771,8.3,.081
250,2016,NBA,1,19,DEN,Malik Beasley\beaslma01,19.214,G,us,Florida State University,2017,2019,165,15.9,7.2,1.7,0.8,0.5,0.1,.461,.539,.388,.789,5.0,.092
251,2017,NBA,1,19,ATL,John Collins\collijo01,19.277,F,us,Wake Forest University,2018,2019,135,26.8,14.6,8.4,1.6,0.5,0.9,.566,.605,.346,.743,11.4,.152
252,2018,NBA,1,19,ATL,Kevin Huerter\huertke01,19.303,G,us,University of Maryland,2019,2019,75,27.3,9.7,3.3,2.9,0.9,0.3,.419,.457,.385,.732,1.5,.034
253,2013,NBA,1,18,ATL,Shane Larkin\larkish01,20.273,G,us,University of Miami,2014,2018,256,19.1,5.5,1.9,2.9,0.9,0.1,.422,.454,.336,.777,4.4,.044
254,2014,NBA,1,18,PHO,Tyler Ennis\ennisty01,19.311,G,ca,Syracuse University,2015,2018,186,12.6,4.2,1.3,1.9,0.5,0.1,.419,.458,.317,.768,1.3,.026
255,2015,NBA,1,18,HOU,Sam Dekker\dekkesa01,21.055,F,us,University of Wisconsin,2016,2019,200,15.5,5.5,3.0,0.8,0.5,0.2,.478,.570,.288,.606,5.4,.083
256,2016,NBA,1,18,DET,Henry Ellenson\ellenhe01,19.166,F,us,Marquette University,2017,2019,76,9.7,4.3,2.5,0.6,0.2,0.0,.377,.395,.353,.774,0.3,.022
257,2017,NBA,1,18,IND,T.J. Leaf\leaftj01,20.058,F,il,University of California Los Angeles,2018,2019,111,8.8,3.4,1.9,0.3,0.1,0.2,.511,.557,.356,.617,2.4,.117
258,2018,NBA,1,18,SAS,Lonnie Walker\walkelo01,19.194,G,us,University of Miami,2019,2019,17,6.9,2.6,1.0,0.5,0.4,0.2,.348,.333,.385,.800,0.0,.019
259,2013,NBA,1,17,ATL,Dennis Schroder\schrode01,19.290,G,de,,2014,2019,431,24.7,13.4,2.7,4.6,0.8,0.1,.430,.467,.325,.825,13.1,.059
260,2014,NBA,1,17,BOS,James Young\youngja01,18.319,G-F,us,University of Kentucky,2015,2018,95,8.5,2.3,1.0,0.3,0.3,0.1,.367,.534,.277,.563,0.8,.046
261,2015,NBA,1,17,MIL,Rashad Vaughn\vaughra01,18.317,G,us,University of Nevada Las Vegas,2016,2018,139,12.0,3.0,1.1,0.5,0.4,0.2,.337,.366,.313,.692,-0.6,-0.017
262,2016,NBA,1,17,MEM,Wade Baldwin\baldwwa01,20.091,G,us,Vanderbilt University,2017,2019,56,10.3,3.1,1.2,1.4,0.4,0.2,.355,.383,.250,.776,-0.3,-0.028
263,2017,NBA,1,17,MIL,D.J. Wilson\wilsodj01,21.129,F,us,University of Michigan,2018,2019,70,13.6,4.3,3.3,0.8,0.3,0.3,.423,.481,.364,.551,1.8,.090
264,2018,NBA,1,17,MIL,Donte DiVincenzo\divindo01,21.146,G,us,Villanova University,2019,2019,27,15.2,4.9,2.4,1.1,0.5,0.2,.403,.683,.265,.750,0.6,.069
265,2013,NBA,1,16,BOS,Lucas Nogueira\noguelu01,20.341,C,br,,2015,2018,141,12.4,3.2,2.8,0.5,0.6,1.0,.632,.681,.265,.640,6.0,.165
266,2014,NBA,1,16,CHI,Jusuf Nurkic\nurkiju01,19.312,C,ba,,2015,2019,310,22.9,11.6,8.0,1.9,0.8,1.3,.491,.498,.071,.666,16.4,.111
267,2015,NBA,1,16,BOS,Terry Rozier\roziete01,21.105,G,us,University of Louisville,2016,2019,272,20.0,7.7,3.6,2.3,0.7,0.2,.380,.404,.354,.777,9.9,.088
268,2016,NBA,1,16,BOS,Guerschon Yabusele\yabusgu01,20.194,F,fr,,2018,2019,74,6.6,2.3,1.4,0.4,0.2,0.2,.442,.548,.323,.682,1.1,.105
269,2017,NBA,1,16,CHI,Justin Patton\pattoju01,20.013,C,us,Creighton University,2018,2019,4,6.3,1.8,1.5,0.8,0.8,0.0,.333,.429,.000,.500,0.0,.090
270,2018,NBA,1,16,PHO,Zhaire Smith\smithzh01,19.022,G,us,Texas Tech University,2019,2019,6,18.5,6.7,2.2,1.7,0.3,0.3,.412,.444,.375,.750,0.1,.048
271,2013,NBA,1,15,MIL,Giannis Antetokounmpo\antetgi01,18.208,F-G,gr,,2014,2019,465,32.7,18.8,8.3,4.1,1.2,1.3,.521,.557,.277,.742,53.2,.168
272,2014,NBA,1,15,ATL,Adreian Payne\paynead01,23.133,F-C,us,Michigan State University,2015,2018,107,13.1,4.0,2.9,0.6,0.4,0.3,.406,.430,.254,.680,-0.6,-0.019
273,2015,NBA,1,15,ATL,Kelly Oubre\oubreke01,19.203,F,us,University of Kansas,2016,2019,292,22.1,9.4,3.7,0.8,0.8,0.4,.424,.500,.321,.778,8.3,.062
274,2016,NBA,1,15,DEN,Juan Hernangomez\hernaju01,20.274,F,es,,2017,2019,157,15.8,5.1,3.2,0.6,0.4,0.2,.437,.528,.366,.764,5.1,.100
275,2017,NBA,1,15,POR,Justin Jackson\jacksju01,22.092,G-F,us,University of North Carolina,2018,2019,149,20.9,7.0,2.7,1.1,0.4,0.2,.445,.544,.335,.765,3.9,.059
276,2018,NBA,1,15,WAS,Troy Brown\browntr01,18.333,G-F,us,University of Oregon,2019,2019,52,14.0,4.8,2.8,1.5,0.4,0.1,.415,.455,.319,.681,0.6,.039
277,2013,NBA,1,14,UTA,Shabazz Muhammad\muhamsh01,20.231,F-G,us,University of California Los Angeles,2014,2018,278,17.2,9.0,2.8,0.5,0.3,0.1,.473,.510,.319,.751,8.5,.085
278,2014,NBA,1,14,PHO,T.J. Warren\warretj01,20.299,F,us,North Carolina State University,2015,2019,261,27.7,14.4,4.1,1.1,0.9,0.5,.497,.524,.340,.766,13.0,.086
279,2015,NBA,1,14,OKC,Cameron Payne\payneca01,20.326,G,us,Murray State University,2016,2019,153,16.0,6.0,1.8,2.5,0.7,0.2,.397,.443,.331,.775,2.2,.044
280,2016,NBA,1,14,CHI,Denzel Valentine\valende01,22.225,G,us,Michigan State University,2017,2018,134,22.9,8.0,4.1,2.3,0.7,0.1,.399,.434,.374,.754,3.1,.048
281,2017,NBA,1,14,MIA,Bam Adebayo\adebaba01,19.344,C-F,us,University of Kentucky,2018,2019,151,21.7,8.0,6.5,1.9,0.7,0.7,.550,.561,.136,.728,11.0,.161
282,2018,NBA,1,14,DEN,Michael Porter\portemi01,19.362,F,us,University of Missouri,,,,,,,,,,,,,,,
283,2013,NBA,1,13,DAL,Kelly Olynyk\olynyke01,22.075,C-F,ca,Gonzaga University,2014,2019,433,21.6,9.9,4.9,1.9,0.7,0.5,.478,.550,.367,.765,24.9,.128
284,2014,NBA,1,13,MIN,Zach LaVine\lavinza01,19.113,G,us,University of California Los Angeles,2015,2019,293,29.9,16.1,3.4,3.5,0.8,0.2,.446,.481,.373,.824,8.0,.044
285,2015,NBA,1,13,PHO,Devin Booker\bookede01,18.242,G,us,University of Kentucky,2016,2019,272,32.9,21.4,3.5,4.2,0.8,0.3,.437,.477,.354,.854,9.8,.053
286,2016,NBA,1,13,PHO,Georgios Papagiannis\papagge01,18.360,C,gr,,2017,2018,39,12.2,4.1,3.2,0.7,0.2,0.6,.514,.521,.000,.857,0.4,.044
287,2017,NBA,1,13,DEN,Donovan Mitchell\mitchdo01,20.293,G,us,University of Louisville,2018,2019,156,33.6,22.1,3.9,3.9,1.4,0.4,.434,.483,.351,.805,10.2,.094
288,2018,NBA,1,13,LAC,Jerome Robinson\robinje01,21.124,G,us,Boston College,2019,2019,33,9.7,3.4,1.2,0.6,0.3,0.1,.400,.491,.316,.667,0.1,.012
289,2013,NBA,1,12,OKC,Steven Adams\adamsst01,19.347,C,nz,University of Pittsburgh,2014,2019,467,26.8,9.7,7.4,1.0,0.9,1.0,.588,.589,.000,.553,38.7,.148
290,2014,NBA,1,12,ORL,Dario Saric\saricda01,20.084,F,hr,,2017,2019,240,26.9,12.7,6.2,2.1,0.6,0.2,.433,.488,.358,.835,11.2,.083
291,2015,NBA,1,12,UTA,Trey Lyles\lylestr01,19.237,F,ca,University of Kentucky,2016,2019,288,17.5,7.6,3.9,1.1,0.4,0.3,.431,.495,.331,.705,8.1,.077
292,2016,NBA,1,12,UTA,Taurean Prince\princta02,22.099,F,us,Baylor University,2017,2019,196,25.5,11.4,3.8,2.0,0.9,0.4,.427,.468,.380,.823,4.6,.044
293,2017,NBA,1,12,DET,Luke Kennard\kennalu01,21.003,G,us,Duke University,2018,2019,136,21.3,8.6,2.6,1.8,0.5,0.2,.441,.474,.403,.847,5.1,.085
294,2018,NBA,1,12,LAC,Miles Bridges\bridgmi02,20.097,G-F,us,Michigan State University,2019,2019,80,21.2,7.5,4.0,1.2,0.7,0.6,.464,.553,.325,.753,2.9,.083
295,2013,NBA,1,11,PHI,Michael Carter-Williams\cartemi01,21.266,G,us,Syracuse University,2014,2019,315,26.2,10.9,4.5,4.6,1.3,0.6,.401,.433,.251,.702,5.2,.030
296,2014,NBA,1,11,DEN,Doug McDermott\mcderdo01,22.180,F,us,Creighton University,2015,2019,341,19.9,7.8,2.1,0.8,0.2,0.1,.459,.500,.404,.825,10.6,.075
297,2015,NBA,1,11,IND,Myles Turner\turnemy01,19.097,C-F,us,University of Texas at Austin,2016,2019,280,28.1,12.9,6.7,1.2,0.7,2.1,.495,.522,.363,.771,22.1,.135
298,2016,NBA,1,11,ORL,Domantas Sabonis\sabondo01,20.056,F-C,us,Gonzaga University,2017,2019,229,23.1,10.4,6.8,1.9,0.6,0.4,.513,.535,.343,.722,13.1,.119
299,2017,NBA,1,11,CHO,Malik Monk\monkma01,19.143,G,us,University of Kentucky,2018,2019,136,15.5,7.9,1.5,1.5,0.4,0.2,.376,.429,.335,.871,0.3,.007
300,2018,NBA,1,11,CHO,Shai Gilgeous-Alexander\gilgesh01,19.349,G,ca,University of Kentucky,2019,2019,82,26.5,10.8,2.8,3.3,1.2,0.5,.476,.503,.367,.800,3.3,.074
301,2013,NBA,1,10,POR,CJ McCollum\mccolcj01,21.287,G,us,Lehigh University,2014,2019,411,30.0,17.8,3.1,2.9,0.9,0.3,.455,.482,.401,.839,27.9,.109
302,2014,NBA,1,10,PHI,Elfrid Payton\paytoel01,20.129,G,us,University of Louisiana at Lafayette,2015,2019,342,29.5,11.1,4.4,6.6,1.3,0.3,.454,.479,.302,.630,13.3,.063
303,2015,NBA,1,10,MIA,Justise Winslow\winslju01,19.095,F,us,Duke University,2016,2019,230,28.2,8.9,5.3,2.7,1.0,0.4,.419,.448,.343,.644,7.8,.057
304,2016,NBA,1,10,MIL,Thon Maker\makerth01,19.123,F-C,ss,,2017,2019,195,14.2,4.6,2.8,0.6,0.4,0.7,.421,.493,.326,.677,4.8,.083
305,2017,NBA,1,10,SAC,Zach Collins\colliza01,19.220,C-F,us,Gonzaga University,2018,2019,143,16.8,5.6,3.8,0.9,0.3,0.7,.441,.503,.321,.720,3.6,.072
306,2018,NBA,1,10,PHI,Mikal Bridges\bridgmi01,21.300,G,us,Villanova University,2019,2019,82,29.5,8.3,3.2,2.1,1.6,0.5,.430,.548,.335,.805,2.9,.058
307,2013,NBA,1,9,MIN,Trey Burke\burketr01,20.232,G,us,University of Michigan,2014,2019,361,23.6,10.9,2.1,3.6,0.6,0.1,.408,.445,.340,.800,10.2,.058
308,2014,NBA,1,9,CHH,Noah Vonleh\vonleno01,18.311,F,us,Indiana University,2015,2019,299,17.7,5.1,5.4,0.8,0.4,0.4,.453,.491,.316,.683,8.3,.075
309,2015,NBA,1,9,CHO,Frank Kaminsky\kaminfr01,22.087,F-C,us,University of Wisconsin,2016,2019,282,22.2,9.8,4.0,1.6,0.5,0.4,.419,.468,.349,.760,11.0,.084
310,2016,NBA,1,9,TOR,Jakob Poeltl\poeltja01,20.257,C,at,University of Utah,2017,2019,213,16.1,5.4,4.5,0.8,0.4,0.9,.643,.643,.500,.560,12.3,.173
311,2017,NBA,1,9,DAL,Dennis Smith\smithde03,19.214,G,us,North Carolina State University,2018,2019,122,29.2,14.5,3.4,5.0,1.1,0.3,.407,.452,.316,.668,-0.7,-0.009
312,2018,NBA,1,9,NYK,Kevin Knox\knoxke01,18.319,F,us,University of Kentucky,2019,2019,75,28.8,12.8,4.5,1.1,0.6,0.3,.370,.387,.343,.717,-1.3,-0.030
313,2013,NBA,1,8,DET,Kentavious Caldwell-Pope\caldwke01,20.134,G,us,University of Georgia,2014,2019,470,29.7,11.9,3.3,1.6,1.2,0.2,.412,.472,.345,.799,23.8,.082
314,2014,NBA,1,8,SAC,Nik Stauskas\stausni01,20.267,G,ca,University of Michigan,2015,2019,335,19.9,6.8,2.1,1.5,0.4,0.2,.389,.436,.353,.814,3.8,.028
315,2015,NBA,1,8,DET,Stanley Johnson\johnsst04,19.031,F,us,University of Arizona,2016,2019,285,21.6,7.0,3.4,1.5,0.9,0.2,.374,.430,.293,.764,3.3,.026
316,2016,NBA,1,8,SAC,Marquese Chriss\chrisma01,18.361,F,us,University of Washington,2017,2019,197,19.1,7.6,4.5,0.8,0.7,0.8,.429,.509,.296,.628,2.3,.029
317,2017,NBA,1,8,NYK,Frank Ntilikina\ntilila01,18.334,G,be,,2018,2019,121,21.6,5.9,2.2,3.1,0.8,0.3,.354,.380,.305,.735,-1.8,-0.033
318,2018,NBA,1,8,CLE,Collin Sexton\sextoco01,19.173,G,us,University of Alabama,2019,2019,82,31.8,16.7,2.9,3.0,0.5,0.1,.430,.440,.402,.839,-0.6,-0.011
319,2013,NBA,1,7,SAC,Ben McLemore\mclembe01,20.141,G,us,University of Kansas,2014,2019,368,23.7,8.8,2.5,1.1,0.7,0.2,.417,.466,.353,.783,4.6,.025
320,2014,NBA,1,7,LAL,Julius Randle\randlju01,19.214,F-C,us,University of Kentucky,2015,2019,311,28.5,15.4,8.9,2.7,0.6,0.5,.502,.523,.307,.722,17.8,.096
321,2015,NBA,1,7,DEN,Emmanuel Mudiay\mudiaem01,19.116,G,cd,,2016,2019,246,25.7,11.8,3.1,4.2,0.8,0.3,.393,.422,.320,.742,-1.2,-0.009
322,2016,NBA,1,7,DEN,Jamal Murray\murraja01,19.125,G,ca,University of Kentucky,2017,2019,238,28.5,14.8,3.5,3.4,0.8,0.3,.434,.483,.362,.879,12.0,.085
323,2017,NBA,1,7,MIN,Lauri Markkanen\markkla01,20.036,F-C,fi,University of Arizona,2018,2019,120,30.9,16.7,8.2,1.3,0.6,0.6,.432,.488,.362,.859,6.1,.079
324,2018,NBA,1,7,CHI,Wendell Carter\cartewe01,19.071,C,us,Duke University,2019,2019,44,25.2,10.3,7.0,1.8,0.6,1.3,.485,.513,.188,.795,1.9,.080
325,2013,NBA,1,6,NOH,Nerlens Noel\noelne01,19.083,C-F,us,University of Kentucky,2015,2019,300,22.8,8.2,6.5,1.2,1.4,1.4,.523,.523,.250,.631,16.6,.117
326,2014,NBA,1,6,BOS,Marcus Smart\smartma01,20.117,G,us,Oklahoma State University,2015,2019,341,28.4,9.3,3.5,3.9,1.6,0.4,.372,.436,.310,.764,16.2,.080
327,2015,NBA,1,6,SAC,Willie Cauley-Stein\caulewi01,21.316,F-C,us,University of Kentucky,2016,2019,295,24.0,10.1,6.4,1.6,0.9,0.8,.534,.536,.222,.611,17.4,.118
328,2016,NBA,1,6,NOP,Buddy Hield\hieldbu01,23.194,G,bs,University of Oklahoma,2017,2019,244,26.8,14.9,4.0,2.0,0.7,0.3,.446,.471,.419,.874,10.0,.073
329,2017,NBA,1,6,ORL,Jonathan Isaac\isaacjo01,19.267,F,us,Florida State University,2018,2019,102,24.8,8.5,5.0,1.0,0.9,1.3,.419,.484,.327,.806,4.2,.080
330,2018,NBA,1,6,ORL,Mohamed Bamba\bambamo01,20.045,C,us,University of Texas at Austin,2019,2019,47,16.3,6.2,5.0,0.8,0.3,1.4,.481,.555,.300,.587,1.7,.106
331,2013,NBA,1,5,PHO,Alex Len\lenal01,20.016,C,ua,University of Maryland,2014,2019,412,19.9,7.9,6.3,0.8,0.4,1.0,.487,.501,.349,.695,15.6,.091
332,2014,NBA,1,5,UTA,Dante Exum\exumda01,18.353,G,au,,2015,2019,204,19.3,5.9,1.8,2.3,0.4,0.2,.400,.477,.304,.770,2.7,.033
333,2015,NBA,1,5,ORL,Mario Hezonja\hezonma01,20.125,F-G,hr,,2016,2019,277,18.9,7.3,3.0,1.3,0.7,0.3,.417,.484,.321,.811,2.4,.022
334,2016,NBA,1,5,MIN,Kris Dunn\dunnkr01,22.103,G,us,Providence College,2017,2019,176,24.1,8.6,3.3,4.4,1.4,0.5,.417,.441,.323,.723,1.6,.018
335,2017,NBA,1,5,SAC,De'Aaron Fox\foxde01,19.189,G,us,University of Kentucky,2018,2019,154,29.7,14.6,3.3,5.9,1.3,0.4,.439,.462,.345,.725,5.0,.053
336,2018,NBA,1,5,DAL,Trae Young\youngtr01,19.280,G,us,University of Oklahoma,2019,2019,81,30.9,19.1,3.7,8.1,0.9,0.2,.418,.477,.324,.829,3.3,.062
337,2013,NBA,1,4,CHA,Cody Zeller\zelleco01,20.270,C-F,us,Indiana University,2014,2019,361,22.9,8.2,5.8,1.4,0.7,0.8,.511,.516,.263,.740,24.1,.140
338,2014,NBA,1,4,ORL,Aaron Gordon\gordoaa01,18.288,F,us,University of Arizona,2015,2019,341,27.9,12.5,6.2,2.2,0.8,0.6,.450,.512,.321,.707,18.0,.091
339,2015,NBA,1,4,NYK,Kristaps Porzingis\porzikr01,19.332,F-C,lv,,2016,2018,186,31.0,17.8,7.1,1.3,0.7,2.0,.437,.467,.361,.804,12.1,.100
340,2016,NBA,1,4,PHO,Dragan Bender\bendedr01,18.223,F,ba,,2017,2019,171,20.3,5.3,3.8,1.2,0.3,0.6,.394,.516,.321,.647,0.2,.002
341,2017,NBA,1,4,PHO,Josh Jackson\jacksjo02,20.137,F-G,us,University of Kansas,2018,2019,156,25.3,12.3,4.5,1.9,1.0,0.6,.415,.455,.294,.650,-2.4,-0.029
342,2018,NBA,1,4,MEM,Jaren Jackson\jacksja02,18.284,F,us,Michigan State University,2019,2019,58,26.1,13.8,4.7,1.1,0.9,1.4,.506,.553,.359,.766,3.3,.105
343,2013,NBA,1,3,WAS,Otto Porter\porteot01,20.029,F,us,Georgetown University,2014,2019,399,26.9,11.0,5.0,1.5,1.2,0.4,.483,.529,.405,.793,29.1,.130
344,2014,NBA,1,3,PHI,Joel Embiid\embiijo01,20.107,C,cm,University of Kansas,2017,2019,158,30.7,24.3,11.4,3.2,0.7,2.0,.481,.526,.315,.788,16.8,.166
345,2015,NBA,1,3,PHI,Jahlil Okafor\okafoja01,19.197,C-F,us,Duke University,2016,2019,190,21.1,11.5,5.1,0.9,0.3,0.9,.530,.533,.200,.679,5.3,.063
346,2016,NBA,1,3,BOS,Jaylen Brown\brownja02,19.247,F-G,us,University of California,2017,2019,222,24.4,11.2,4.0,1.3,0.8,0.3,.462,.516,.365,.658,9.0,.080
347,2017,NBA,1,3,BOS,Jayson Tatum\tatumja01,19.116,F,us,Duke University,2018,2019,159,30.8,14.8,5.5,1.9,1.1,0.7,.461,.487,.400,.840,12.0,.118
348,2018,NBA,1,3,ATL,Luka Doncic\doncilu01,19.118,G-F,si,,2019,2019,72,32.2,21.2,7.8,6.0,1.1,0.3,.427,.503,.327,.713,4.9,.101
349,2013,NBA,1,2,ORL,Victor Oladipo\oladivi01,21.059,G,us,Indiana University,2014,2019,402,33.2,17.5,4.6,4.0,1.7,0.5,.443,.482,.352,.793,24.2,.087
350,2014,NBA,1,2,MIL,Jabari Parker\parkeja01,19.108,F,us,Duke University,2015,2019,247,29.7,15.1,5.7,2.1,0.9,0.4,.491,.521,.337,.739,11.6,.076
351,2015,NBA,1,2,LAL,D'Angelo Russell\russeda01,19.127,G,us,Ohio State University,2016,2019,272,28.5,16.5,3.7,5.1,1.2,0.2,.419,.465,.353,.762,6.6,.041
352,2016,NBA,1,2,LAL,Brandon Ingram\ingrabr01,18.299,F,us,Duke University,2017,2019,190,31.7,13.9,4.7,2.9,0.6,0.6,.458,.485,.329,.662,4.5,.036
353,2017,NBA,1,2,LAL,Lonzo Ball\balllo01,19.243,G,us,University of California Los Angeles,2018,2019,99,32.4,10.0,6.2,6.4,1.6,0.6,.380,.449,.315,.437,3.5,.053
354,2018,NBA,1,2,SAC,Marvin Bagley\baglema01,19.104,F,us,Duke University,2019,2019,62,25.3,14.9,7.6,1.0,0.5,1.0,.504,.534,.313,.691,3.6,.110
355,2013,NBA,1,1,CLE,Anthony Bennett\bennean01,20.110,F,ca,University of Nevada Las Vegas,2014,2017,151,12.6,4.4,3.1,0.5,0.4,0.2,.392,.427,.261,.670,0.5,.013
356,2014,NBA,1,1,CLE,Andrew Wiggins\wiggian01,19.128,F-G,ca,University of Kansas,2015,2019,400,36.0,19.4,4.3,2.2,1.0,0.6,.440,.467,.332,.735,13.0,.044
357,2015,NBA,1,1,MIN,Karl-Anthony Towns\townska01,19.227,C-F,us,University of Kentucky,2016,2019,323,34.4,22.3,11.9,2.6,0.8,1.5,.537,.572,.392,.836,45.4,.196
358,2016,NBA,1,1,PHI,Ben Simmons\simmobe01,19.343,G-F,au,Louisiana State University,2018,2019,160,34.0,16.4,8.5,7.9,1.6,0.8,.554,.558,.000,.583,17.5,.154
359,2017,NBA,1,1,PHI,Markelle Fultz\fultzma01,19.029,G,us,University of Washington,2018,2019,33,20.6,7.7,3.4,3.4,0.9,0.3,.414,.422,.267,.534,0.5,.038
360,2018,NBA,1,1,PHO,Deandre Ayton\aytonde01,19.338,C,bs,University of Arizona,2019,2019,71,30.7,16.3,10.3,1.8,0.9,0.9,.585,.588,.000,.746,5.8,.128